,GrammyAward,GrammyYear,Genre,Name,Artist,acousticness,danceability,duration_ms,energy,explicit,instrumentalness,key,liveness,loudness,mode,popularity,speechiness,tempo,valence,year
0,Record Of The Year,2018,General,This Is America,Childish Gambino,0.11699999999999999,0.8540000000000001,225773.0,0.46299999999999997,1,0.0,5.0,0.354,0.89735,1,75,0.13699999999999998,120.024,0.5489999999999999,2018
1,Song Of The Year,2018,General,This Is America,Childish Gambino,0.11699999999999999,0.8540000000000001,225773.0,0.46299999999999997,1,0.0,5.0,0.354,0.89735,1,75,0.13699999999999998,120.024,0.5489999999999999,2018
2,Best Rap/Sung Performance,2018,Rap,This Is America,Childish Gambino,0.11699999999999999,0.8540000000000001,225773.0,0.46299999999999997,1,0.0,5.0,0.354,0.89735,1,75,0.13699999999999998,120.024,0.5489999999999999,2018
3,Best Pop Duo/Group Performance,2018,Pop,Shallow,"Lady Gaga, Bradley Cooper",0.371,0.5720000000000001,215733.0,0.385,0,0.0,7.0,0.231,0.8939666666666667,1,85,0.0308,95.79899999999999,0.32299999999999995,2018
4,Best Song Written For Visual Media,2018,Composing/Arranging,Shallow,"Lady Gaga, Bradley Cooper",0.371,0.5720000000000001,215733.0,0.385,0,0.0,7.0,0.231,0.8939666666666667,1,85,0.0308,95.79899999999999,0.32299999999999995,2018
5,Best R&B Song,2018,R&B,Boo'D Up,Ella Mai,0.1221,0.47900000000000004,247702.5,0.8109999999999999,0,0.0,10.0,0.0812,0.9263916666666667,0,133,0.0759,81.583,0.22749999999999998,2017
6,Best Rap Song,2018,Rap,God'S Plan,Drake,0.0332,0.754,198973.0,0.449,1,8.290000000000001e-05,7.0,0.552,0.8464833333333334,1,83,0.109,77.169,0.35700000000000004,2018
7,Best Country Solo Performance,2018,Country,Butterflies,Kacey Musgraves,0.252,0.6890000000000001,219053.0,0.614,0,1.95e-05,4.0,0.17800000000000002,0.8977166666666667,0,70,0.0306,141.97,0.41100000000000003,2018
8,Best Country Song,2018,Country,Space Cowboy,Kacey Musgraves,0.718,0.447,216280.0,0.429,0,0.0163,1.0,0.105,0.8773333333333333,1,63,0.027999999999999997,116.521,0.07400000000000001,2018
9,Best American Roots Performance,2018,American Roots Music,The Joke,Brandi Carlile,0.327,0.23600000000000002,279373.0,0.578,0,0.00015,7.0,0.20600000000000002,0.9087166666666666,1,59,0.0404,75.367,0.22699999999999998,2018
10,Best American Roots Song,2018,American Roots Music,The Joke,Brandi Carlile,0.327,0.23600000000000002,279373.0,0.578,0,0.00015,7.0,0.20600000000000002,0.9087166666666666,1,59,0.0404,75.367,0.22699999999999998,2018
11,Record Of The Year,2017,General,24K Magic,Bruno Mars,0.034,0.818,225983.0,0.8029999999999999,0,0.0,1.0,0.153,0.9286333333333333,1,78,0.0797,106.97,0.632,2016
12,Song Of The Year,2017,General,That'S What I Like,Bruno Mars,0.013000000000000001,0.853,206693.0,0.56,0,0.0,1.0,0.0944,0.9173166666666667,1,81,0.0406,134.066,0.86,2016
13,Best R&B Performance,2017,R&B,That'S What I Like,Bruno Mars,0.013000000000000001,0.853,206693.0,0.56,0,0.0,1.0,0.0944,0.9173166666666667,1,81,0.0406,134.066,0.86,2016
14,Best R&B Song,2017,R&B,That'S What I Like,Bruno Mars,0.013000000000000001,0.853,206693.0,0.56,0,0.0,1.0,0.0944,0.9173166666666667,1,81,0.0406,134.066,0.86,2016
15,Best Pop Solo Performance,2017,Pop,Shape Of You,Ed Sheeran,0.581,0.825,233713.0,0.652,0,0.0,1.0,0.0931,0.94695,0,158,0.0802,95.977,0.9309999999999999,2017
16,Best Traditional R&B Performance,2017,R&B,Redbone,Childish Gambino,0.16699999999999998,0.743,326933.0,0.34700000000000003,1,0.00951,1.0,0.10300000000000001,0.8137666666666666,1,82,0.121,160.143,0.5720000000000001,2016
17,Best Rap Performance,2017,Rap,Humble.,Kendrick Lamar,0.00028199999999999997,0.9079999999999999,177000.0,0.621,1,5.39e-05,1.0,0.0958,0.8893666666666666,0,82,0.102,150.011,0.42100000000000004,2017
18,Best Rap Song,2017,Rap,Humble.,Kendrick Lamar,0.00028199999999999997,0.9079999999999999,177000.0,0.621,1,5.39e-05,1.0,0.0958,0.8893666666666666,0,82,0.102,150.011,0.42100000000000004,2017
19,Best Country Solo Performance,2017,Country,Either Way,Chris Stapleton,0.8540000000000001,0.655,248053.0,0.0645,0,1.11e-05,4.0,0.107,0.7539166666666667,1,61,0.0429,129.399,0.278,2017
20,Best Country Duo/Group Performance,2017,Country,Better Man,Little Big Town,0.11199999999999999,0.514,263120.0,0.836,0,0.0,5.0,0.0878,0.93895,1,67,0.0381,143.888,0.501,2017
21,Best Country Song,2017,Country,Broken Halos,Chris Stapleton,0.134,0.613,180907.0,0.564,0,1.65e-06,8.0,0.0585,0.8819166666666667,1,71,0.0251,78.388,0.5379999999999999,2017
22,Best American Roots Song,2017,American Roots Music,If We Were Vampires,Jason Isbell And The 400 Unit,0.8240000000000001,0.629,215564.0,0.20800000000000002,0,3.7e-06,5.0,0.107,0.7295833333333333,1,67,0.0324,96.609,0.685,2017
23,Record Of The Year,2016,General,Hello,Adele,0.336,0.48100000000000004,295493.0,0.451,0,0.0,5.0,0.0872,0.8984166666666666,0,134,0.0347,157.966,0.289,2015
24,Song Of The Year,2016,General,Hello,Adele,0.336,0.48100000000000004,295493.0,0.451,0,0.0,5.0,0.0872,0.8984166666666666,0,134,0.0347,157.966,0.289,2015
25,Best Pop Solo Performance,2016,Pop,Hello,Adele,0.336,0.48100000000000004,295493.0,0.451,0,0.0,5.0,0.0872,0.8984166666666666,0,134,0.0347,157.966,0.289,2015
26,Best Pop Duo/Group Performance,2016,Pop,Stressed Out,Twenty One Pilots,0.0462,0.7340000000000001,202333.0,0.637,0,2.2899999999999998e-05,4.0,0.0602,0.9053833333333333,0,84,0.141,169.977,0.648,2015
27,Best Rap/Sung Performance,2016,Rap,Hotline Bling,Drake,0.0025800000000000003,0.8909999999999999,267067.0,0.628,0,0.00018999999999999998,2.0,0.0504,0.86895,1,77,0.0551,134.966,0.552,2016
28,Best Rap Song,2016,Rap,Hotline Bling,Drake,0.0025800000000000003,0.8909999999999999,267067.0,0.628,0,0.00018999999999999998,2.0,0.0504,0.86895,1,77,0.0551,134.966,0.552,2016
29,Best Country Solo Performance,2016,Country,My Church,Maren Morris,0.243,0.517,197931.0,0.743,0,3.36e-06,9.0,0.107,0.9277333333333333,1,68,0.0363,76.979,0.664,2017
30,Best Country Song,2016,Country,Humble And Kind,Tim Mcgraw,0.679,0.355,259267.0,0.48,0,2.28e-06,11.0,0.12,0.8781666666666667,1,68,0.0282,100.956,0.13699999999999998,2015
31,Best Pop Solo Performance,2015,Pop,Thinking Out Loud,Ed Sheeran,0.474,0.7809999999999999,281560.0,0.445,0,0.0,2.0,0.184,0.8989833333333334,1,152,0.0295,78.998,0.591,2013
32,Best Rock Performance,2015,Rock,Don'T Wanna Fight,Alabama Shakes,0.259,0.606,232547.0,0.915,1,0.107,10.0,0.105,0.9451333333333334,0,57,0.166,100.43299999999999,0.551,2015
33,Best Metal Performance,2015,Rock,Cirice,Ghost,0.0025399999999999997,0.555,362093.0,0.7979999999999999,0,1.4999999999999999e-05,3.0,0.171,0.9057,1,56,0.0279,89.98700000000001,0.284,2015
34,Best R&B Performance,2015,R&B,Earned It (Fifty Shades Of Grey),The Weeknd,0.405,0.659,277680.0,0.29100000000000004,1,0.0,2.0,0.0771,0.8620833333333333,0,71,0.0348,119.829,0.406,2015
35,Best Rap Performance,2015,Rap,Alright,Kendrick Lamar,0.08030000000000001,0.7894999999999999,206911.5,0.7634999999999998,1,0.0,7.0,0.36285,0.9041333333333333,1,127,0.21650000000000003,110.03349999999999,0.616,2015
36,Best Country Solo Performance,2015,Country,Traveller,Chris Stapleton,0.0682,0.5429999999999999,222413.0,0.75,0,0.0166,2.0,0.125,0.88215,0,65,0.0282,88.10700000000001,0.758,2015
37,Best Country Duo/Group Performance,2015,Country,Girl Crush,Little Big Town,0.8420000000000001,0.5,193320.0,0.225,0,0.0,0.0,0.11199999999999999,0.8296666666666667,1,69,0.0302,173.78799999999998,0.355,2014
38,Best Rock Song,2014,Rock,Ain'T It Fun,Paramore,0.154,0.61,296520.0,0.893,0,4.41e-05,9.0,0.021,0.93865,1,73,0.0921,104.031,0.6729999999999999,2013
39,Best Rap Performance,2014,Rap,I,Kendrick Lamar,0.3644,0.648,283973.0,0.8465,1,1.485e-06,9.0,0.484,0.92015,1,124,0.19390000000000002,121.01050000000001,0.825,2014
40,Best Rap Song,2014,Rap,I,Kendrick Lamar,0.3644,0.648,283973.0,0.8465,1,1.485e-06,9.0,0.484,0.92015,1,124,0.19390000000000002,121.01050000000001,0.825,2014
41,Best Pop Solo Performance,2013,Pop,Royals,Lorde,0.121,0.674,190185.0,0.428,0,0.0,7.0,0.132,0.8416,1,149,0.122,84.87799999999999,0.337,2013
42,Best Rock Performance,2013,Rock,Radioactive,Imagine Dragons,0.106,0.44799999999999995,186813.0,0.784,0,0.00010800000000000001,9.0,0.6679999999999999,0.9385666666666667,1,134,0.0627,136.245,0.23600000000000002,2012
43,Best Metal Performance,2013,Rock,God Is Dead?,Black Sabbath,0.000193,0.379,532267.0,0.726,0,0.00266,3.0,0.0578,0.9177500000000001,0,55,0.0332,120.012,0.17800000000000002,2013
44,Best Country Solo Performance,2013,Country,Wagon Wheel,Darius Rucker,0.455,0.537,298373.0,0.66,0,0.0,9.0,0.135,0.8804333333333334,1,76,0.0296,148.096,0.574,2013
45,Best Rock Performance,2012,Rock,Lonely Boy,The Black Keys,0.00417,0.35600000000000004,193653.0,0.872,0,0.00975,2.0,0.0997,0.8693833333333333,1,72,0.068,166.3,0.607,2011
46,Best Rock Song,2012,Rock,Lonely Boy,The Black Keys,0.00417,0.35600000000000004,193653.0,0.872,0,0.00975,2.0,0.0997,0.8693833333333333,1,72,0.068,166.3,0.607,2011
47,Best R&B Performance,2012,R&B,Climax,Usher,0.547,0.647,232907.0,0.478,0,2.6899999999999997e-05,8.0,0.156,0.8527166666666667,1,62,0.0782,135.877,0.33299999999999996,2012
48,Best Traditional R&B Performance,2012,R&B,Love On Top,Beyoncé,0.0849,0.652,267413.0,0.748,0,0.0,0.0,0.604,0.9126333333333333,1,75,0.0887,94.1,0.652,2011
49,Best R&B Song,2012,R&B,Adorn,Miguel,0.0543,0.625,193147.0,0.5760000000000001,0,4.07e-05,11.0,0.187,0.9051166666666667,0,118,0.175,179.063,0.235,2012
50,Best Country Solo Performance,2012,Country,Blown Away,Carrie Underwood,0.0909,0.531,240133.0,0.843,0,0.0,9.0,0.0283,0.9571833333333334,0,63,0.0429,136.991,0.392,2012
51,Best Country Song,2012,Country,Blown Away,Carrie Underwood,0.0909,0.531,240133.0,0.843,0,0.0,9.0,0.0283,0.9571833333333334,0,63,0.0429,136.991,0.392,2012
52,Best Country Duo/Group Performance,2012,Country,Pontoon,Little Big Town,0.413,0.721,212320.0,0.8190000000000001,0,0.0,9.0,0.196,0.9047499999999999,1,65,0.0269,96.02,0.867,2013
53,Record Of The Year,2011,General,Rolling In The Deep,Adele,0.133,0.7286666666666667,228175.66666666666,0.7619999999999999,1,0.0,8.0,0.05280000000000001,0.9147388888888889,1,194,0.029633333333333334,104.94466666666665,0.523,2010
54,Song Of The Year,2011,General,Rolling In The Deep,Adele,0.133,0.7286666666666667,228175.66666666666,0.7619999999999999,1,0.0,8.0,0.05280000000000001,0.9147388888888889,1,194,0.029633333333333334,104.94466666666665,0.523,2010
55,Best Pop Solo Performance,2011,Pop,Someone Like You,Adele,0.892,0.5589999999999999,285040.0,0.33,0,0.0,9.0,0.0975,0.8624833333333334,1,79,0.0285,135.109,0.285,2011
56,Best Pop Duo/Group Performance,2011,Pop,Body And Soul,"Tony Bennett, Amy Winehouse",0.87,0.342,200587.0,0.249,0,5.0900000000000004e-05,1.0,0.152,0.8031333333333333,1,56,0.0277,94.74600000000001,0.203,2011
57,Best Dance Recording,2011,Dance/Electronic Music,Scary Monsters And Nice Sprites,Skrillex,0.00336,0.523,243354.0,0.9440000000000001,0,0.557,7.0,0.11900000000000001,0.9403166666666667,0,61,0.0837,139.997,0.324,2010
58,Best Rock Performance,2011,Rock,Walk,Foo Fighters,3.6200000000000006e-05,0.23399999999999999,255960.0,0.865,0,0.000532,9.0,0.289,0.9144833333333333,1,69,0.0516,137.107,0.19399999999999998,2011
59,Best Rock Song,2011,Rock,Walk,Foo Fighters,3.6200000000000006e-05,0.23399999999999999,255960.0,0.865,0,0.000532,9.0,0.289,0.9144833333333333,1,69,0.0516,137.107,0.19399999999999998,2011
60,Best R&B Performance,2011,R&B,Is This Love,Corinne Bailey Rae,0.81,0.6829999999999999,208636.0,0.33299999999999996,0,0.0017800000000000001,7.0,0.21100000000000002,0.84675,0,57,0.0434,123.804,0.32899999999999996,2011
61,Best Country Solo Performance,2011,Country,Mean,Taylor Swift,0.452,0.568,237733.0,0.7609999999999999,0,0.0,4.0,0.217,0.93355,1,116,0.0459,163.97400000000002,0.789,2010
62,Best Country Song,2011,Country,Mean,Taylor Swift,0.452,0.568,237733.0,0.7609999999999999,0,0.0,4.0,0.217,0.93355,1,116,0.0459,163.97400000000002,0.789,2010
63,Best Country Duo/Group Performance,2011,Country,Barton Hollow,The Civil Wars,0.12300000000000001,0.40299999999999997,205773.0,0.659,0,0.0,2.0,0.0857,0.8777,1,49,0.0303,90.854,0.435,2011
64,Best Female Pop Vocal Performance,2010,Pop,Bad Romance,Lady Gaga,0.00314,0.696,294573.0,0.9209999999999999,1,5.24e-05,0.0,0.0842,0.9374166666666667,1,80,0.0363,119.001,0.7140000000000001,2009
65,Best Male Pop Vocal Performance,2010,Pop,Just The Way You Are,Bruno Mars,0.0151,0.637,220733.0,0.843,0,0.0,5.0,0.0876,0.9097833333333334,1,81,0.0432,109.012,0.434,2010
66,Best Dance Recording,2010,Dance/Electronic Music,Only Girl (In The World),Rihanna,0.10899999999999999,0.7876666666666666,235502.0,0.7106666666666666,0,1.55e-05,11.0,0.05936666666666666,0.9293,0,184,0.042133333333333335,125.91699999999999,0.6216666666666667,2010
67,Best Hard Rock Performance,2010,Rock,New Fang,Them Crooked Vultures,7.36e-06,0.278,228639.0,0.961,0,0.000662,7.0,0.0268,0.9359166666666666,1,59,0.0607,189.66400000000002,0.752,2009
68,Best Male R&B Vocal Performance,2010,R&B,There Goes My Baby,Usher,0.175,0.626,281293.0,0.52,0,0.0,9.0,0.13,0.8653833333333334,0,58,0.0892,77.468,0.257,2010
69,Best R&B Performance By A Duo Or Group With Vocals,2010,R&B,Soldier Of Love,Sade,0.0117,0.775,356653.0,0.5720000000000001,0,0.0293,0.0,0.0847,0.85955,0,57,0.0633,90.023,0.64,2010
70,Best Rap Solo Performance,2010,Rap,Not Afraid,Eminem,0.533,0.8534999999999999,248133.0,0.9545,1,0.0,0.0,0.2805,0.9800333333333333,0,120,0.2695,114.6375,0.659,2010
71,Best Rap Performance By A Duo Or Group,2010,Rap,On To The Next One,"Jay-Z, Swizz Beatz",0.215,0.546,256133.0,0.9079999999999999,1,9.47e-06,10.0,0.107,0.9724166666666667,0,58,0.41700000000000004,116.885,0.59,2009
72,Best Female Country Vocal Performance,2010,Country,The House That Built Me,Miranda Lambert,0.575,0.515,236627.0,0.3,0,8.46e-06,5.0,0.115,0.8665833333333333,1,66,0.0289,81.12,0.20600000000000002,2009
73,Best Male Country Vocal Performance,2010,Country,'Til Summer Comes Around,Keith Urban,0.593,0.57,331467.0,0.629,0,0.000136,9.0,0.77,0.8732,0,41,0.0331,127.90700000000001,0.308,2009
74,Record Of The Year,2009,General,Use Somebody,Kings Of Leon,0.005520000000000001,0.276,230760.0,0.715,0,0.000417,0.0,0.201,0.9107333333333334,1,76,0.0432,137.028,0.17300000000000001,2008
75,Best Rock Song,2009,Rock,Use Somebody,Kings Of Leon,0.005520000000000001,0.276,230760.0,0.715,0,0.000417,0.0,0.201,0.9107333333333334,1,76,0.0432,137.028,0.17300000000000001,2008
76,Song Of The Year,2009,General,Single Ladies (Put A Ring On It),Beyoncé,0.0383,0.426,193213.0,0.584,0,0.0,1.0,0.188,0.9117833333333334,1,134,0.29600000000000004,193.437,0.272,2008
77,Best Female R&B Vocal Performance,2009,R&B,Single Ladies (Put A Ring On It),Beyoncé,0.0383,0.426,193213.0,0.584,0,0.0,1.0,0.188,0.9117833333333334,1,134,0.29600000000000004,193.437,0.272,2008
78,Best R&B Song,2009,R&B,Single Ladies (Put A Ring On It),Beyoncé,0.0383,0.426,193213.0,0.584,0,0.0,1.0,0.188,0.9117833333333334,1,134,0.29600000000000004,193.437,0.272,2008
79,Best Female Pop Vocal Performance,2009,Pop,Halo,Beyoncé,0.272,0.508,261640.0,0.72,0,0.0,11.0,0.0563,0.9015333333333333,0,142,0.0628,79.983,0.47200000000000003,2008
80,Best Male Pop Vocal Performance,2009,Pop,Make It Mine,Jason Mraz,0.16399999999999998,0.664,187773.0,0.794,0,0.0,4.0,0.159,0.9133666666666667,0,47,0.0481,149.94899999999998,0.6409999999999999,2008
81,Best Pop Collaboration With Vocals,2009,Pop,Lucky,"Jason Mraz, Colbie Caillat",0.29600000000000004,0.623,191360.0,0.41700000000000004,0,0.0,0.0,0.135,0.8550166666666666,1,76,0.0354,130.032,0.721,2008
82,Best Dance Recording,2009,Dance/Electronic Music,Poker Face,Lady Gaga,0.11866666666666666,0.851,237200.0,0.8059999999999999,0,1.5366666666666666e-06,4.0,0.121,0.9230111111111111,1,169,0.07866666666666668,118.99966666666667,0.7833333333333333,2008
83,Best Hard Rock Performance,2009,Rock,War Machine,Ac/Dc,4.85e-05,0.518,189787.0,0.718,0,0.244,9.0,0.25,0.9274166666666667,1,61,0.0343,127.59299999999999,0.531,2008
84,Best Metal Performance,2009,Rock,Dissident Aggressor,Judas Priest,0.00746,0.24600000000000002,186093.0,0.9790000000000001,0,0.19899999999999998,9.0,0.865,0.9155833333333333,0,41,0.19699999999999998,103.039,0.168,1977
85,Best R&B Performance By A Duo Or Group With Vocals,2009,R&B,Blame It,"Jamie Foxx, T-Pain",0.0782,0.6729999999999999,289747.0,0.614,1,0.0,7.0,0.139,0.9095666666666666,1,65,0.10300000000000001,176.05200000000002,0.36200000000000004,2008
86,Best Rap Solo Performance,2009,Rap,D.O.A. (Death Of Auto-Tune),Jay-Z,0.0342,0.569,256387.0,0.8690000000000001,1,0.0,3.0,0.0718,0.9094666666666666,0,53,0.217,86.62,0.49200000000000005,2009
87,Best Female Country Vocal Performance,2009,Country,White Horse,Taylor Swift,0.3035,0.5814999999999999,234433.5,0.343,0,0.0,0.0,0.10300000000000001,0.866325,1,110,0.026000000000000002,92.63300000000001,0.20900000000000002,2008
88,Best Country Song,2009,Country,White Horse,Taylor Swift,0.3035,0.5814999999999999,234433.5,0.343,0,0.0,0.0,0.10300000000000001,0.866325,1,110,0.026000000000000002,92.63300000000001,0.20900000000000002,2008
89,Best Male Country Vocal Performance,2009,Country,Sweet Thing,Keith Urban,0.19,0.621,228187.0,0.888,0,1.7e-05,8.0,0.151,0.8966833333333333,1,47,0.0443,102.986,0.6509999999999999,2009
90,Song Of The Year,2008,General,Viva La Vida,Coldplay,0.0954,0.486,242373.0,0.617,0,3.23e-06,5.0,0.109,0.8814166666666666,0,128,0.0287,138.015,0.41700000000000004,2008
91,Best Pop Performance By A Duo Or Group With Vocals,2008,Pop,Viva La Vida,Coldplay,0.0954,0.486,242373.0,0.617,0,3.23e-06,5.0,0.109,0.8814166666666666,0,128,0.0287,138.015,0.41700000000000004,2008
92,Best Female Pop Vocal Performance,2008,Pop,Chasing Pavements,Adele,0.312,0.621,210507.0,0.473,0,0.0,5.0,0.11,0.8988333333333334,0,63,0.0251,80.027,0.325,2008
93,Best Male Pop Vocal Performance,2008,Pop,Say,John Mayer,0.541,0.485,230213.0,0.723,0,1.12e-06,10.0,0.075,0.8905833333333333,1,61,0.0317,167.845,0.541,2006
94,Best Metal Performance,2008,Rock,My Apocalypse,Metallica,0.000199,0.262,301013.0,0.993,0,0.00182,5.0,0.0962,0.9788333333333333,0,45,0.19899999999999998,199.915,0.27899999999999997,2008
95,Best Male R&B Vocal Performance,2008,R&B,Miss Independent,Ne-Yo,0.522,0.6729999999999999,232000.0,0.6829999999999999,0,0.0,1.0,0.235,0.9051166666666667,1,68,0.115,171.86,0.713,2008
96,Best R&B Song,2008,R&B,Miss Independent,Ne-Yo,0.522,0.6729999999999999,232000.0,0.6829999999999999,0,0.0,1.0,0.235,0.9051166666666667,1,68,0.115,171.86,0.713,2008
97,Best Rap Solo Performance,2008,Rap,A Milli,Lil Wayne,0.038900000000000004,0.6685,221826.5,0.6915,1,0.00213,6.0,0.2085,0.8558749999999999,0,131,0.2805,151.5375,0.752,2008
98,Best Female Country Vocal Performance,2008,Country,Last Name,Carrie Underwood,0.19399999999999998,0.395,241053.0,0.8690000000000001,0,0.0,3.0,0.0874,0.9474333333333333,1,56,0.109,159.833,0.688,2007
99,Best Male Country Vocal Performance,2008,Country,Letter To Me,Brad Paisley,0.6759999999999999,0.532,280827.0,0.49200000000000005,0,6.12e-05,9.0,0.086,0.84575,1,50,0.0312,79.242,0.366,2007
100,Best Country Song,2008,Country,Stay,Sugarland,0.774,0.5489999999999999,284427.0,0.284,0,0.0,4.0,0.105,0.8602833333333333,1,63,0.0388,135.632,0.389,2006
101,Record Of The Year,2007,General,Rehab,Amy Winehouse,0.0473,0.434,213760.0,0.872,0,1.83e-06,0.0,0.396,0.9504333333333334,1,68,0.0702,71.515,0.732,2006
102,Song Of The Year,2007,General,Rehab,Amy Winehouse,0.0473,0.434,213760.0,0.872,0,1.83e-06,0.0,0.396,0.9504333333333334,1,68,0.0702,71.515,0.732,2006
103,Best Female Pop Vocal Performance,2007,Pop,Rehab,Amy Winehouse,0.0473,0.434,213760.0,0.872,0,1.83e-06,0.0,0.396,0.9504333333333334,1,68,0.0702,71.515,0.732,2006
104,Best Pop Performance By A Duo Or Group With Vocals,2007,Pop,Makes Me Wonder,Maroon 5,0.00485,0.8029999999999999,211080.0,0.851,1,0.00035800000000000003,7.0,0.0577,0.9595166666666667,1,56,0.0357,113.99600000000001,0.8809999999999999,2007
105,Best Hard Rock Performance,2007,Rock,The Pretender,Foo Fighters,0.0008619999999999999,0.4315,268366.5,0.9570000000000001,0,0.0,9.0,0.036000000000000004,0.9266083333333334,1,133,0.042749999999999996,172.9795,0.3655,2007
106,Best Rock Song,2007,Rock,Radio Nowhere,Bruce Springsteen,0.00962,0.395,199067.0,0.955,0,0.0,9.0,0.36,0.9366833333333333,1,56,0.0488,140.219,0.6579999999999999,2007
107,Best Female R&B Vocal Performance,2007,R&B,No One,Alicia Keys,0.0209,0.644,253813.0,0.5479999999999999,0,8.68e-06,1.0,0.134,0.9097333333333333,0,80,0.0286,90.042,0.166,2007
108,Best R&B Song,2007,R&B,No One,Alicia Keys,0.0209,0.644,253813.0,0.5479999999999999,0,8.68e-06,1.0,0.134,0.9097333333333333,0,80,0.0286,90.042,0.166,2007
109,Best Rap Solo Performance,2007,Rap,Stronger,Kanye West,0.006075,0.617,311947.0,0.7125,1,0.0,5.5,0.40599999999999997,0.8689083333333334,1,133,0.1515,103.976,0.476,2007
110,Best Female Country Vocal Performance,2007,Country,Before He Cheats,Carrie Underwood,0.271,0.519,199947.0,0.7490000000000001,0,0.0,6.0,0.11900000000000001,0.9447,0,75,0.0405,147.905,0.29,2005
111,Best Country Song,2007,Country,Before He Cheats,Carrie Underwood,0.271,0.519,199947.0,0.7490000000000001,0,0.0,6.0,0.11900000000000001,0.9447,0,75,0.0405,147.905,0.29,2005
112,Best Male Country Vocal Performance,2007,Country,Stupid Boy,Keith Urban,0.08760000000000001,0.496,378873.5,0.617,0,0.0002795,3.0,0.21150000000000002,0.879875,1,96,0.0344,145.91899999999998,0.542,2006
113,Best Female Pop Vocal Performance,2006,Pop,Ain'T No Other Man,Christina Aguilera,0.0037600000000000003,0.862,228907.0,0.742,0,0.00855,7.0,0.10300000000000001,0.9213,1,63,0.222,127.91,0.511,2006
114,Best Male Pop Vocal Performance,2006,Pop,Waiting On The World To Change,John Mayer,0.159,0.5770000000000001,201173.0,0.7559999999999999,0,0.00023199999999999997,2.0,0.249,0.903,1,74,0.115,176.75,0.6629999999999999,2006
115,Best Rock Performance By A Duo Or Group With Vocal,2006,Rock,Dani California,Red Hot Chili Peppers,0.0193,0.556,282160.0,0.9129999999999999,0,8.59e-06,0.0,0.34600000000000003,0.9606666666666667,1,131,0.0437,96.184,0.73,2006
116,Best Rock Song,2006,Rock,Dani California,Red Hot Chili Peppers,0.0193,0.556,282160.0,0.9129999999999999,0,8.59e-06,0.0,0.34600000000000003,0.9606666666666667,1,131,0.0437,96.184,0.73,2006
117,Best Hard Rock Performance,2006,Rock,Woman,Wolfmother,5.1e-05,0.21899999999999997,176307.0,0.9520000000000001,0,0.0989,2.0,0.157,0.93965,1,61,0.17600000000000002,112.88600000000001,0.172,2006
118,Best Male R&B Vocal Performance,2006,R&B,Heaven,John Legend,0.11800000000000001,0.418,214627.0,0.8240000000000001,0,0.0,1.0,0.187,0.8935166666666667,1,46,0.259,190.451,0.446,2006
119,Best Urban/Alternative Performance,2006,R&B,Crazy,Gnarls Barkley,0.0172,0.835,182066.0,0.741,0,0.0577,8.0,0.0826,0.9731833333333333,1,72,0.0339,111.963,0.612,2006
120,Best Female Country Vocal Performance,2006,Country,"Jesus, Take The Wheel",Carrie Underwood,0.665,0.359,226493.0,0.518,0,0.0,2.0,0.106,0.94105,1,62,0.0302,76.572,0.135,2005
121,Best Country Song,2006,Country,"Jesus, Take The Wheel",Carrie Underwood,0.665,0.359,226493.0,0.518,0,0.0,2.0,0.106,0.94105,1,62,0.0302,76.572,0.135,2005
122,Record Of The Year,2005,General,Boulevard Of Broken Dreams,Green Day,0.005520000000000001,0.496,262333.0,0.682,1,2.94e-05,8.0,0.0589,0.93175,1,75,0.0294,167.06,0.474,2017
123,Best Female Pop Vocal Performance,2005,Pop,Since U Been Gone,Kelly Clarkson,0.00179,0.6615,188973.5,0.7505,0,0.0446,0.0,0.11499999999999999,0.9142666666666667,1,119,0.0334,131.0,0.4145,2004
124,Best Pop Performance By A Duo Or Group With Vocal,2005,Pop,This Love,Maroon 5,0.055299999999999995,0.7126666666666668,206062.33333333334,0.862,0,0.0,5.0,0.09300000000000001,0.9231833333333334,0,191,0.0373,95.04666666666667,0.794,2002
125,Best Rock Performance By A Duo Or Group With Vocal,2005,Rock,Sometimes You Can'T Make It On Your Own,U2,0.00275,0.53,305080.0,0.597,0,0.473,2.0,0.105,0.9057999999999999,1,58,0.0247,96.0,0.34600000000000003,2004
126,Best Hard Rock Performance,2005,Rock,B.Y.O.B.,System Of A Down,0.00662,0.556,255467.0,0.981,1,0.0,1.0,0.218,0.9552,0,76,0.128,101.42299999999999,0.716,2005
127,Best Metal Performance,2005,Rock,Before I Forget,Slipknot,0.0177,0.29100000000000004,278600.0,0.9740000000000001,0,5.44e-06,6.0,0.8859999999999999,0.95005,0,115,0.171,134.724,0.348,2004
128,Best Female R&B Vocal Performance,2005,R&B,We Belong Together,Mariah Carey,0.0339,0.8370000000000001,201400.0,0.462,0,0.0,0.0,0.09,0.8685,1,70,0.0601,139.986,0.762,2005
129,Best R&B Song,2005,R&B,We Belong Together,Mariah Carey,0.0339,0.8370000000000001,201400.0,0.462,0,0.0,0.0,0.09,0.8685,1,70,0.0601,139.986,0.762,2005
130,Best Male R&B Vocal Performance,2005,R&B,Ordinary People,John Legend,0.929,0.469,281467.0,0.132,0,0.0,10.0,0.0873,0.76665,1,68,0.0807,67.01100000000001,0.36,2005
131,Best Urban/Alternative Performance,2005,R&B,Welcome To Jamrock,Damian Marley,0.0208,0.836,213200.0,0.6609999999999999,0,0.0,7.0,0.449,0.8916333333333333,0,67,0.33799999999999997,76.71,0.753,2005
132,Best Country Song,2005,Country,Bless The Broken Road,Rascal Flatts,0.6709999999999999,0.591,226680.0,0.45,0,2.23e-05,0.0,0.159,0.89385,1,71,0.0266,135.893,0.344,2004
133,Song Of The Year,2004,General,Daughters,John Mayer,0.8430000000000001,0.6805000000000001,237933.5,0.4085,0,2.98e-05,2.0,0.09684999999999999,0.8701833333333333,1,111,0.027299999999999998,124.90350000000001,0.506,2003
134,Best Male Pop Vocal Performance,2004,Pop,Daughters,John Mayer,0.8430000000000001,0.6805000000000001,237933.5,0.4085,0,2.98e-05,2.0,0.09684999999999999,0.8701833333333333,1,111,0.027299999999999998,124.90350000000001,0.506,2003
135,Best Female Pop Vocal Performance,2004,Pop,Sunrise,Norah Jones,0.941,0.526,200627.0,0.299,0,0.09699999999999999,8.0,0.106,0.77005,1,72,0.031,156.84799999999998,0.679,2004
136,Best Pop Performance By A Duo Or Group With Vocal,2004,Pop,Heaven,Los Lonely Boys,0.377,0.6585000000000001,227153.5,0.84,0,2.915e-06,8.5,0.0789,0.90185,1,111,0.06584999999999999,91.90299999999999,0.79,2003
137,Best Dance Recording,2004,Dance/Electronic Music,Toxic,Britney Spears,0.0264,0.774,198806.5,0.8425,0,0.021650000000000003,5.0,0.2415,0.934675,0,139,0.1175,143.0255,0.9235,2003
138,Best Rock Performance By A Duo Or Group With Vocal,2004,Rock,Vertigo,U2,0.000138,0.41600000000000004,194020.0,0.8190000000000001,0,0.00108,9.0,0.1345,0.9337666666666666,1,115,0.0613,140.083,0.632,2004
139,Best Hard Rock Performance,2004,Rock,Slither,Velvet Revolver,0.000266,0.478,248307.0,0.9740000000000001,0,0.0984,7.0,0.0738,0.9355666666666667,1,65,0.102,141.077,0.268,2004
140,Best Female R&B Vocal Performance,2004,R&B,If I Ain'T Got You,Alicia Keys,0.603,0.609,228707.0,0.445,0,6.77e-06,7.0,0.10400000000000001,0.84785,1,79,0.106,118.39299999999999,0.166,2003
141,Best Urban/Alternative Performance,2004,R&B,Cross My Mind,Jill Scott,0.0312,0.878,284800.0,0.242,0,0.0016300000000000002,5.0,0.133,0.8427,0,44,0.281,146.077,0.43,2004
142,Best R&B Song,2004,R&B,You Don'T Know My Name,Alicia Keys,0.589,0.263,366733.0,0.6629999999999999,0,0.00451,9.0,0.342,0.8622666666666667,1,62,0.19,167.271,0.25,2003
143,Best Rap Solo Performance,2004,Rap,99 Problems,Jay-Z,0.0066099999999999996,0.494,234627.0,0.887,1,0.0,6.0,0.10300000000000001,0.9283833333333333,0,61,0.39799999999999996,89.554,0.5479999999999999,2003
144,Best Rap Song,2004,Rap,Jesus Walks,Kanye West,0.5925,0.63,193733.0,0.8365,1,0.0,4.5,0.305,0.921575,1,108,0.357,87.2945,0.702,2004
145,Best Female Country Vocal Performance,2004,Country,Redneck Woman,Gretchen Wilson,0.1175,0.5045,218626.5,0.836,0,0.0,8.5,0.49849999999999994,0.9186,1,117,0.132,185.0055,0.7464999999999999,2004
146,Best Male Country Vocal Performance,2004,Country,Live Like You Were Dying,Tim Mcgraw,0.49200000000000005,0.41600000000000004,300333.0,0.546,0,0.0,7.0,0.0845,0.8712,1,121,0.0297,159.929,0.418,2004
147,Best Country Song,2004,Country,Live Like You Were Dying,Tim Mcgraw,0.49200000000000005,0.41600000000000004,300333.0,0.546,0,0.0,7.0,0.0845,0.8712,1,121,0.0297,159.929,0.418,2004
148,Record Of The Year,2003,General,Clocks,Coldplay,0.599,0.5770000000000001,307880.0,0.7490000000000001,0,0.0115,5.0,0.183,0.87975,0,129,0.0279,130.97,0.255,2002
149,Song Of The Year,2003,General,Dance With My Father,Luther Vandross,0.525,0.7390000000000001,266000.0,0.341,0,1.1e-06,10.0,0.07200000000000001,0.8338166666666667,1,62,0.0378,80.958,0.231,2003
150,Best Male R&B Vocal Performance,2003,R&B,Dance With My Father,Luther Vandross,0.525,0.7390000000000001,266000.0,0.341,0,1.1e-06,10.0,0.07200000000000001,0.8338166666666667,1,62,0.0378,80.958,0.231,2003
151,Best Female Pop Vocal Performance,2003,Pop,Beautiful,Christina Aguilera,0.578,0.456,238560.0,0.573,0,3.05e-06,5.0,0.114,0.9355666666666667,0,72,0.0275,76.19,0.0992,2002
152,Best Male Pop Vocal Performance,2003,Pop,Cry Me A River,Justin Timberlake,0.575,0.624,288333.0,0.653,0,0.0,8.0,0.10400000000000001,0.8903,0,74,0.17600000000000002,73.884,0.565,2002
153,Best Male Rock Vocal Performance,2003,Rock,Gravedigger,Dave Matthews,0.331,0.331,234213.0,0.706,0,2.01e-06,9.0,0.10099999999999999,0.9018833333333334,0,41,0.0528,170.08900000000003,0.414,2003
154,Best Metal Performance,2003,Rock,St. Anger,Metallica,0.00131,0.249,441133.0,0.9490000000000001,0,0.0228,2.0,0.0953,0.9559666666666666,0,53,0.0678,185.252,0.498,2003
155,Best Rock Song,2003,Rock,Seven Nation Army,The White Stripes,0.00817,0.726,231733.0,0.46299999999999997,0,0.447,0.0,0.255,0.8695333333333334,1,80,0.0799,123.881,0.321,2003
156,Best Urban/Alternative Performance,2003,R&B,Hey Ya!,Outkast,0.10300000000000001,0.727,235213.0,0.9740000000000001,0,0.000532,4.0,0.174,0.9623166666666667,0,79,0.0664,79.52600000000001,0.965,2003
157,Best Female Rap Solo Performance,2003,Rap,Work It,Missy Elliott,0.0847,0.8805000000000001,262847.0,0.6665,1,0.0,1.0,0.07185,0.8907666666666667,1,106,0.29300000000000004,101.8875,0.6205,2002
158,Best Male Rap Solo Performance,2003,Rap,Lose Yourself,Eminem,0.009235,0.6865000000000001,320460.0,0.735,1,0.0006895,2.0,0.3265,0.923825,1,108,0.27,171.39299999999997,0.0595,2002
159,Best Rap Song,2003,Rap,Lose Yourself,Eminem,0.009235,0.6865000000000001,320460.0,0.735,1,0.0006895,2.0,0.3265,0.923825,1,108,0.27,171.39299999999997,0.0595,2002
160,Best Country Song,2003,Country,It'S Five O'Clock Somewhere,"Alan Jackson, Jimmy Buffett",0.21533333333333335,0.713,230066.66666666666,0.771,0,0.0,2.0,0.19699999999999998,0.8883055555555556,1,183,0.0367,125.19966666666666,0.882,1991
161,Record Of The Year,2002,General,Don'T Know Why,Norah Jones,0.88,0.7355,186153.5,0.1985,0,1.165e-05,5.0,0.0625,0.80385,1,134,0.027999999999999997,88.32,0.6245,2002
162,Song Of The Year,2002,General,Don'T Know Why,Norah Jones,0.88,0.7355,186153.5,0.1985,0,1.165e-05,5.0,0.0625,0.80385,1,134,0.027999999999999997,88.32,0.6245,2002
163,Best Female Pop Vocal Performance,2002,Pop,Don'T Know Why,Norah Jones,0.88,0.7355,186153.5,0.1985,0,1.165e-05,5.0,0.0625,0.80385,1,134,0.027999999999999997,88.32,0.6245,2002
164,Best Male Pop Vocal Performance,2002,Pop,Your Body Is A Wonderland,John Mayer,0.0206,0.647,249627.0,0.7290000000000001,0,0.0489,5.0,0.134,0.8958166666666667,1,76,0.0236,94.01,0.687,2001
165,Best Dance Recording,2002,Dance/Electronic Music,Days Go By,Dirty Vegas,0.0499,0.7859999999999999,432147.0,0.853,0,0.0872,9.0,0.35,0.8621,0,50,0.0688,126.99,0.309,2002
166,Best Female Rock Vocal Performance,2002,Rock,Steve Mcqueen,Sheryl Crow,0.0505,0.555,205733.0,0.893,0,0.0,0.0,0.0688,0.9413166666666667,1,38,0.0952,169.96599999999998,0.762,2002
167,Best Male Rock Vocal Performance,2002,Rock,The Rising,Bruce Springsteen,0.0655,0.499,287040.0,0.7609999999999999,0,0.0,10.0,0.0895,0.89365,1,57,0.0324,110.186,0.326,2002
168,Best Rock Song,2002,Rock,The Rising,Bruce Springsteen,0.0655,0.499,287040.0,0.7609999999999999,0,0.0,10.0,0.0895,0.89365,1,57,0.0324,110.186,0.326,2002
169,Best Rock Performance By A Duo Or Group With Vocal,2002,Rock,In My Place,Coldplay,0.0553,0.424,226680.0,0.588,0,4.95e-06,9.0,0.298,0.9090833333333334,1,71,0.0278,144.636,0.193,2002
170,Best Hard Rock Performance,2002,Rock,All My Life,Foo Fighters,0.00021600000000000002,0.581,263500.0,0.6014999999999999,0,0.0007250000000000001,5.0,0.48450000000000004,0.9049416666666666,1,125,0.05015,167.7485,0.652,2002
171,Best Metal Performance,2002,Rock,Here To Stay,Korn,7.81e-06,0.564,270960.0,0.9470000000000001,1,0.828,2.0,0.373,0.9167,1,60,0.0448,100.00200000000001,0.35100000000000003,2002
172,Best Male R&B Vocal Performance,2002,R&B,U Don'T Have To Call,Usher,0.0478,0.7929999999999999,269400.0,0.568,1,3.570000000000001e-05,1.0,0.0304,0.9173666666666667,1,59,0.0459,100.005,0.8059999999999999,2001
173,Best Male Rap Solo Performance,2002,Rap,Hot In Herre,Nelly,0.20500000000000002,0.96,228286.5,0.736,1,0.0,6.5,0.06265,0.9233833333333333,1,118,0.1205,107.071,0.9125,2002
174,Best Female Country Vocal Performance,2002,Country,Cry,Faith Hill,0.141,0.512,226307.0,0.645,0,0.0,8.0,0.0987,0.90615,1,41,0.028999999999999998,111.015,0.28300000000000003,2002
175,Best Male Country Vocal Performance,2002,Country,Give My Love To Rose,Johnny Cash,0.8392,0.6745999999999999,169330.6,0.3036,0,0.0026320000000000002,5.0,0.09594,0.7978000000000001,1,110,0.045619999999999994,92.82860000000002,0.6235999999999999,1957
176,Best Country Song,2002,Country,Where Were You (When The World Stopped Turning),Alan Jackson,0.5109999999999999,0.635,305093.0,0.38749999999999996,0,0.0,0.0,0.0759,0.8439083333333333,1,101,0.03135,115.397,0.1885,2002
177,Record Of The Year,2001,General,Walk On,U2,0.00417,0.528,294907.0,0.8320000000000001,0,0.00043499999999999995,2.0,0.25,0.8929833333333334,1,47,0.0269,100.18,0.6,2000
178,Song Of The Year,2001,General,Fallin',Alicia Keys,0.263,0.653,210200.0,0.609,0,0.00101,11.0,0.233,0.8746833333333334,0,73,0.037000000000000005,95.98200000000001,0.48200000000000004,2001
179,Best Female R&B Vocal Performance,2001,R&B,Fallin',Alicia Keys,0.263,0.653,210200.0,0.609,0,0.00101,11.0,0.233,0.8746833333333334,0,73,0.037000000000000005,95.98200000000001,0.48200000000000004,2001
180,Best R&B Song,2001,R&B,Fallin',Alicia Keys,0.263,0.653,210200.0,0.609,0,0.00101,11.0,0.233,0.8746833333333334,0,73,0.037000000000000005,95.98200000000001,0.48200000000000004,2001
181,Best Female Pop Vocal Performance,2001,Pop,I'M Like A Bird,Nelly Furtado,0.138,0.622,243160.0,0.608,0,5.38e-06,10.0,0.273,0.91525,1,61,0.036000000000000004,89.661,0.607,2000
182,Best Male Pop Vocal Performance,2001,Pop,Don'T Let Me Be Lonely Tonight,James Taylor,0.813,0.622,155200.0,0.145,0,0.0808,4.0,0.14800000000000002,0.69085,0,48,0.0332,75.139,0.335,1976
183,Best Pop Performance By A Duo Or Group With Vocal,2001,Pop,Stuck In A Moment You Can'T Get Out Of,U2,0.391,0.524,271800.0,0.644,0,0.000246,4.0,0.168,0.9169,1,53,0.0238,158.52,0.324,2000
184,Best Dance Recording,2001,Pop,All For You,Janet Jackson,0.0153,0.7596666666666666,310782.3333333333,0.9133333333333334,0,0.0777,2.0,0.17366666666666666,0.939,1,166,0.084,113.52133333333332,0.7323333333333334,2001
185,Best Rock Performance By A Duo Or Group With Vocal,2001,Rock,Elevation,U2,0.00105,0.581,226133.0,0.804,0,0.00028900000000000003,9.0,0.05,0.8651166666666666,1,48,0.0361,110.022,0.418,2000
186,Best Hard Rock Performance,2001,Rock,Crawling,Linkin Park,0.0466,0.58,208960.0,0.7020000000000001,0,3.2e-06,4.0,0.536,0.90725,1,126,0.0337,105.07600000000001,0.299,2000
187,Best Metal Performance,2001,Rock,Schism,Tool,0.0012,0.5670000000000001,403533.0,0.7140000000000001,0,0.42,9.0,0.18600000000000003,0.8581333333333333,0,68,0.0302,107.43799999999999,0.191,2001
188,Best Male R&B Vocal Performance,2001,R&B,U Remind Me,Usher,0.19399999999999998,0.657,266893.0,0.629,0,0.0,6.0,0.254,0.9177,1,73,0.0782,93.985,0.726,2001
189,Best Rap Performance By A Duo Or Group,2001,Rap,Ms. Jackson,Outkast,0.1715,0.8400000000000001,254933.5,0.8200000000000001,1,0.0,4.0,0.08424999999999999,0.9181583333333333,0,127,0.25849999999999995,94.94049999999999,0.646,2000
190,Best Male Country Vocal Performance,2001,Country,O Death,Ralph Stanley,0.96,0.568,199600.0,0.0175,0,0.0,8.0,0.19699999999999998,0.7044666666666667,1,46,0.11800000000000001,111.405,0.502,2000
191,Best Country Song,2001,Country,The Lucky One,"Alison Krauss, Union Station",0.8079999999999999,0.44,190467.0,0.368,0,3.86e-05,10.0,0.111,0.8090999999999999,1,48,0.0311,168.75400000000002,0.732,2001
192,Record Of The Year,2000,General,Beautiful Day,U2,0.01825,0.5395000000000001,245633.5,0.9195,0,0.001465,2.0,0.352,0.8884833333333333,1,114,0.049100000000000005,136.272,0.45299999999999996,2000
193,Best Rock Performance By A Duo Or Group With Vocal,2000,Rock,Beautiful Day,U2,0.01825,0.5395000000000001,245633.5,0.9195,0,0.001465,2.0,0.352,0.8884833333333333,1,114,0.049100000000000005,136.272,0.45299999999999996,2000
194,Best Female Pop Vocal Performance,2000,Pop,I Try,Macy Gray,0.313,0.593,239440.0,0.642,0,0.000582,2.0,0.0804,0.8786,1,72,0.0299,76.403,0.736,1999
195,Best Dance Recording,2000,Pop,Who Let The Dogs Out,Baha Men,0.0605,0.8690000000000001,198400.0,0.887,0,0.0,0.0,0.14800000000000002,0.9249166666666666,1,65,0.0993,129.221,0.784,2000
196,Best Male Rock Vocal Performance,2000,Rock,Again,Lenny Kravitz,0.0167,0.552,230300.0,0.812,0,4.62e-05,2.0,0.133,0.9145583333333334,1,123,0.02835,79.1565,0.7705,2000
197,Best Hard Rock Performance,2000,Rock,Guerrilla Radio,Rage Against The Machine,0.0129,0.599,206200.0,0.9570000000000001,1,7.06e-05,11.0,0.155,0.9039333333333334,1,70,0.188,103.68,0.489,1999
198,Best Metal Performance,2000,Rock,Elite,Deftones,0.000638,0.46,241800.0,0.992,0,0.866,5.0,0.321,0.9450333333333333,0,49,0.0818,90.87700000000001,0.20600000000000002,2000
199,Best Rock Song,2000,Rock,With Arms Wide Open,Creed,0.003975,0.412,276620.0,0.536,0,0.0008110000000000001,0.0,0.14650000000000002,0.859525,1,113,0.0305,138.8845,0.1335,1999
200,Best Female R&B Vocal Performance,2000,R&B,He Wasn'T Man Enough,Toni Braxton,0.010135000000000002,0.738,261950.5,0.937,0,2.9449999999999998e-05,11.0,0.355,0.9491166666666667,0,119,0.0413,88.0115,0.754,2000
201,Best Rap Solo Performance,2000,Rap,The Real Slim Shady,Eminem,0.05449999999999999,0.9444000000000001,284394.6,0.6394,1,0.0,5.0,0.04920000000000001,0.91418,0,260,0.05782,104.4924,0.7718,2000
202,Best Female Country Vocal Performance,2000,Country,Breathe,Faith Hill,0.17300000000000001,0.529,250547.0,0.496,0,0.0,7.0,0.251,0.8498833333333333,1,67,0.028999999999999998,136.859,0.278,1999
203,Best Male Country Vocal Performance,2000,Country,Solitary Man,Johnny Cash,0.345,0.435,143853.0,0.561,0,2.19e-06,7.0,0.249,0.8842166666666667,0,45,0.0305,85.594,0.6990000000000001,2000
204,Best Country Song,2000,Country,I Hope You Dance,Lee Ann Womack,0.0632,0.385,294533.0,0.44299999999999995,0,0.0,7.0,0.0898,0.83955,0,66,0.0295,151.278,0.275,2000
205,Best Male Pop Vocal Performance,1999,Pop,Brand New Day,Sting,0.191,0.501,379827.0,0.8029999999999999,0,9.63e-06,4.0,0.0767,0.8762666666666666,1,44,0.0756,157.488,0.39,1999
206,Best Dance Recording,1999,Pop,Believe,Cher,0.0082,0.652,239027.0,0.917,0,0.0,6.0,0.0509,0.888,1,76,0.0548,132.975,0.45899999999999996,1998
207,Best Female Rock Vocal Performance,1999,Rock,Sweet Child O' Mine,Sheryl Crow,0.0867,0.5920000000000001,234133.0,0.865,0,3.53e-06,7.0,0.10300000000000001,0.94695,1,59,0.0282,124.27799999999999,0.659,1998
208,Best Male Rock Vocal Performance,1999,Rock,American Woman,Lenny Kravitz,0.02735,0.6785,263133.5,0.6844999999999999,0,0.0,1.0,0.0782,0.8679749999999999,1,114,0.0844,83.98750000000001,0.5685,1998
209,Best Hard Rock Performance,1999,Rock,Whiskey In The Jar,Metallica,5.36e-06,0.511,304893.0,0.972,0,0.00101,10.0,0.19,0.9374833333333333,1,62,0.0413,132.97,0.532,1998
210,Best Metal Performance,1999,Rock,Iron Man,Black Sabbath,0.00367,0.332,354774.0,0.769,0,0.00413,9.0,0.0372,0.8082833333333334,1,53,0.0765,157.378,0.525,2017
211,Best Rock Song,1999,Rock,Scar Tissue,Red Hot Chili Peppers,0.0779,0.4896666666666667,215907.0,0.7170000000000001,0,0.00274,0.0,0.10800000000000003,0.91995,1,184,0.035833333333333335,148.37966666666668,0.547,1999
212,Best Female R&B Vocal Performance,1999,R&B,It'S Not Right But It'S Okay,Whitney Houston,0.162,0.8059999999999999,292400.0,0.802,0,0.0008849999999999999,1.0,0.0698,0.8820666666666667,1,64,0.102,127.931,0.529,1998
213,Best Rap Solo Performance,1999,Rap,My Name Is,Eminem,0.05006000000000001,0.8458,268589.2,0.6916000000000001,1,6.319999999999999e-07,5.0,0.10229999999999999,0.8951566666666667,1,273,0.33440000000000003,85.48740000000001,0.8119999999999999,1999
214,Best Female Country Vocal Performance,1999,Country,Man! I Feel Like A Woman!,Shania Twain,0.5656666666666667,0.6626666666666667,233728.66666666666,0.7603333333333334,0,0.0,10.0,0.22250000000000003,0.9243333333333333,1,187,0.04053333333333333,124.949,0.7006666666666668,1997
215,Best Male Country Vocal Performance,1999,Country,Choices,George Jones,0.537,0.47600000000000003,206213.0,0.349,0,0.0,2.0,0.0805,0.8060833333333334,1,51,0.0275,138.085,0.316,1999
216,Best Country Song,1999,Country,Come On Over,Shania Twain,0.166,0.635,174027.0,0.852,0,0.0,11.0,0.309,0.8922833333333333,1,50,0.0516,76.498,0.966,1997
